{
  "notes": [
    {
      "id": 1,
      "content": "asdf",
      "x": 150,
      "y": 150
    },
    {
      "id": 2,
      "content": "DDDDDDDDDDDDDDDDDDDD",
      "x": 300,
      "y": 300
    },
    {
      "id": 3,
      "content": "qwer",
      "x": 86.06122713555165,
      "y": 342.8120923143968
    },
    {
      "id": 4,
      "content": "qwer",
      "x": 361.2769715635698,
      "y": 352.7589476130965
    }
  ]
}